{
    "alpha": [
        3.55,
        1.4399999999999997,
        1.65,
        2.5500000000000003
    ],
    "beta": [
        4.61,
        5.369999999999998,
        5.630000000000002,
        7.670000000000001
    ],
    "delta": [
        6.049999999999998,
        5.04,
        3.2400000000000015,
        4.5600000000000005
    ],
    "theta": [
        4.1000000000000005,
        2.11,
        3.0899999999999994,
        1.1400000000000001
    ],
    "evaluation": "good quality"
}